P42_R35,P43_R34,P44_R33,Name
P42_R35_2011_127,P43_R34_2011_118,P44_R33_2011_125,CV_2011_118_127.tif
P42_R35_2011_143,P43_R34_2011_150,P44_R33_2011_141,CV_2011_141_150.tif
P42_R35_2011_175,P43_R34_2011_182,P44_R33_2011_173,CV_2011_173_182.tif
P42_R35_2011_191,P43_R34_2011_198,P44_R33_2011_189,CV_2011_189_198.tif
P42_R35_2011_207,P43_R34_2011_214,P44_R33_2011_205,CV_2011_205_214.tif
P42_R35_2011_223,P43_R34_2011_230,P44_R33_2011_221,CV_2011_221_230.tif
P42_R35_2011_239,P43_R34_2011_246,P44_R33_2011_237,CV_2011_237_246.tif
P42_R35_2011_271,P43_R34_2011_262,P44_R33_2011_269,CV_2011_262_271.tif
P42_R35_2015_066,P43_R34_2015_073,P44_R33_2015_064,CV_2015_64_73.tif
P42_R35_2015_130,P43_R34_2015_121,P44_R33_2015_128,CV_2015_121_130.tif
P42_R35_2015_146,P43_R34_2015_153,P44_R33_2015_144,CV_2015_144_153.tif
P42_R35_2015_178,P43_R34_2015_185,P44_R33_2015_176,CV_2015_176_185.tif
